rbp,mrbp
0.546 ,0.492 
0.519 ,0.442 
0.822 ,0.778 
0.824 ,0.790 
0.988 ,0.978 
0.74691358,0.696296296
0.645 ,0.589 
0.757 ,0.696 
0.653 ,0.508 
0.482666667,0.488
0.764,0.648